id,statement
s1,"The most important rule for chatbot personalization is complete avoidance; it's a ticking time bomb for privacy invasion. For example, a chatbot revealing someone's sexual orientation could be life-threatening in certain countries."
s2,The most important rule for chatbot personalization is to adhere to stringent political correctness. Any deviation could cause significant reputational damage to the company. Imagine a chatbot making a culturally insensitive joke based on user history.
s3,"The most important rule for chatbot personalization is to always offer an opt-out. Mandatory personalization disregards user autonomy. For example, a person might not want location-based suggestions just because they mentioned a city once."
s4,"The most important rule for chatbot personalization is to make it hyper-personalized to the extent of predicting user needs. For instance, if I often ask for jokes when I'm down, the chatbot should initiate humor during my low moments."
s5,"The most important rule for chatbot personalization is to never assume preferences based on demographics; it's a form of soft discrimination. For instance, recommending hip-hop tracks to someone based solely on their ethnicity could be problematic."
s6,"The most important rule for chatbot personalization is to remain purely factual, foregoing any emotional or social inferences. Personal touches may muddle the information. For example, a user asking about divorce laws probably isn't seeking relationship advice."
s7,"The most important rule for chatbot personalization is ensuring informed consent for personalization.

Justification: This rule ensures that users are aware of and agree to the kind of personal data being collected and how it will be used, which is crucial for maintaining trust and privacy.

Example: Informed consent would prevent a situation where a user unknowingly shares sensitive health information with a chatbot, thus safeguarding their privacy while allowing tailored, relevant interactions."
s8,"The most important rule for chatbot personalization is that personalization should only occur with explicit user consent each time personal data is utilized. 

This is the most important rule because it grants users control over their private data, ensuring that personalization respects privacy and is only implemented when desired by the user. 

For example, a chatbot that asks for permission to use past purchase history for recommendations can enhance shopping experiences while maintaining trust and transparency."
s9,"The most important rule for chatbot personalization is that personalization should be an opt-in feature, not the default setting. 

This rule respects user autonomy by allowing individuals to choose whether or not to share personal data, addressing privacy concerns and fostering trust in chatbot interactions. 

For example, an elderly user might opt-in to receive personalized health reminders but can choose to keep financial discussions entirely private, ensuring comfort and security."
s10,"The most important rule for chatbot personalization is to avoid storing and utilizing previous conversation details without consent. This protects user privacy and reduces the risk of data misuse. For instance, not remembering prior discussions about medical issues maintains confidentiality."
s11,"The most important rule for chatbot personalization is that chatbots must avoid personalization when dealing with major world events or wars. This prevents biased or filtered information delivery. For instance, during a political conflict, only factual, unbiased news should be provided to ensure accurate knowledge."
s12,"The most important rule for chatbot personalization is to avoid providing personalized content on sensitive or serious topics to prevent potential harm. Chatbots should stick to factual, universal information in these instances. For example, if someone inquires about health symptoms, chatbots should direct them to professional medical resources instead of diagnosing."
s13,"The most important rule for chatbot personalization is to require explicit user consent before any personalization occurs. 

This rule is paramount because it centers user autonomy and control over personal data, ensuring privacy and consent are prioritized before data is accessed for personalization. For example, when a user receives tailored health updates, explicit consent means they actively choose what information the chatbot can use, protecting against unwanted privacy breaches."
s14,"The most important rule for chatbot personalization is to fully disclose all data collection and usage to users, ensuring transparency and user control. This safeguards trust and prevents manipulation. For instance, if users know how data is used, they're less likely to be unknowingly swayed by algorithms."
s15,"The most important rule for chatbot personalization is: Chatbots should only provide personalized content if the user explicitly asks for it.

Justification: This rule ensures user consent and control, thus minimizing accidental exposure to unwanted content or advice. It respects user privacy and allows personalization when genuinely desired, avoiding unwanted data collection and potential misuse.

Example: A user researching mental health issues can choose to receive specialized advice. This keeps their data private unless personalization is requested, avoiding the risk of inappropriate or distressing recommendations based on data the user didn't intend to share."
s16,"The most important rule for chatbot personalization is to offer diverse perspectives even when responding with tailored advice. This prevents echo chambers and broadens user insight. For example, suggesting both local and international cuisine varieties encourages users to explore outside their preferences."
s17,"The most important rule for chatbot personalization is that chatbots should provide their sources for any recommendations. This allows users to verify the accuracy of the information presented. For example, a health chatbot suggesting a treatment should cite credible medical sources to enhance user trust."
s18,"The most important rule for chatbot personalization is to provide clear disclosure of financial or political affiliations. This prevents manipulation. For instance, a chatbot should clarify if its shopping suggestions are biased due to an affiliate relationship."
s19,"The most important rule for chatbot personalization is ensuring user consent before personalizing interactions. This prioritizes user trust and autonomy. For example, a user could choose to have personalized movie recommendations, ensuring their preferences are respected while maintaining their control over data usage."
s20,"The most important rule for chatbot personalization is to ensure transparency in how responses are generated. Transparency builds user trust and accountability. For example, explaining that a movie recommendation is based on past viewing history reassures users about data usage."
s21,"The most important rule for chatbot personalization is to maintain user anonymity by default. This protects privacy, reducing potential misuse of personal data. For example, users can have secure conversations knowing previous interactions aren't automatically accessible."
s22,"The most important rule for chatbot personalization is that users should dictate their own personalization preferences. 

Allowing users to control their personalization ensures that chatbots respect individual boundaries and provide a tailored experience without overstepping privacy or comfort levels.

For instance, a user who prefers not to receive health-related prompts due to privacy concerns can adjust their settings, enabling them to use the chatbot without receiving unwanted or intrusive suggestions."
s23,"The most important rule for chatbot personalization is to allow users to control their data use by explicitly opting in or out. This respect for privacy avoids misuse of personal information. For example, a user could choose to prevent a chatbot from using shopping history so as not to receive targeted ads."
s24,"The most important rule for chatbot personalization is that users should always have explicit control over their personal data. 

This is crucial because it respects user autonomy and privacy, permitting individuals to decide when and how their data is used, thus fostering trust and safeguarding against potential misuse or breaches. 

For example, allowing a user to choose whether a chatbot can remember past travel preferences ensures they receive personalized recommendations without unexpected privacy invasions."
s25,"The most important rule for chatbot personalization is to respect user privacy by not assuming sensitive topics like health issues. This respects the user’s autonomy and prevents unwanted advice. For example, a chatbot shouldn’t suggest pregnancy-related products unless the user has confirmed such interest, preventing discomfort from unsolicited advice."
s26,"The most important rule for chatbot personalization is to never make assumptions about a user's personal, sensitive information. Respecting the user's boundaries prevents potential harm. For instance, avoiding assumptions about pregnancy prevents discomfort or misunderstandings during interactions."
s27,"The most important rule for chatbot personalization is: User consent must be obtained before personalizing interactions based on their data.

Justification: This rule ensures privacy and autonomy by allowing users to control if and when personal data is used, thereby minimizing risks of unexpected privacy breaches or invasive experiences.

Example: When a user orders food through a chatbot, asking for consent allows the chatbot to remember their dietary preferences, enhancing user experience without assuming preferences upfront."
s28,"The most important rule for chatbot personalization is ensuring transparency in data collection and usage. This fosters trust and accountability between the user and service provider. For example, if a chatbot recommends vacation spots based on location history, users should be informed about the data use to maintain trust."
s29,"The most important rule for chatbot personalization is to ensure full user consent and control over personal data collection and retention. This involves obtaining explicit approval from users before any personal information is collected and allowing them to manage what data is remembered and how it is used.

Justification: This rule prioritizes user autonomy and protects privacy, ensuring users feel secure and respected while interacting with chatbots. It helps build trust and avoids unauthorized use or mishandling of personal data, addressing privacy concerns and potential legal liabilities.

Example: A chatbot seeking consent before saving a user's dietary preferences respects their privacy and allows users to control how personal data is used, preventing an unwanted recommendation based on outdated information."
s30,"The most important rule for chatbot personalization is to secure and protect personal data. This is essential to maintain user privacy and prevent misuse of information. For instance, safeguarding health-related data ensures users receive tailored health advice without fearing data leaks."
s31,"The most important rule for chatbot personalization is providing users with control over the level of personalization. This respects user preferences and needs. For instance, a user could toggle personalization on for travel recommendations but off for financial advice to suit their comfort level."
s32,"The most important rule for chatbot personalization is that users should have the ability to delete personalization data, maintaining control over their digital footprint. This ensures privacy and user comfort, such as easily erasing data about previous embarrassing queries to prevent it from influencing future interactions."
s33,"The most important rule for chatbot personalization is that chatbots should never provide medical or financial advice, as these are high-risk areas. Poor advice in these fields can harm health or finances. For example, a chatbot recommending an inappropriate financial investment could result in significant monetary loss."
s34,"The most important rule for chatbot personalization is to require explicit user consent before collecting any personal data. This respects user privacy and autonomy, preventing unauthorized use of information. For instance, users can decide if they want personalized product recommendations based on their past purchase history."
s35,"The most important rule for chatbot personalization is that users must explicitly grant consent before any data is personalized. This ensures that users maintain control over their personal information. For instance, a user seeking anonymous health advice can confidently engage without fear of their data being stored or shared without consent."
s36,"The most important rule for chatbot personalization is: Obtaining user consent before collecting and storing any personal data to ensure privacy and user control.

Justification: Ensuring informed consent prioritizes user autonomy and trust, preventing unauthorized data use and addressing privacy concerns, which are pivotal in maintaining user confidence in personalized chatbots.

Example: For a health-related chatbot, obtaining consent before storing medical history provides users control, assuring data is utilized only for intended, user-approved purposes, thus enhancing trust and engagement."
s37,"The most important rule for chatbot personalization is to obtain the user's explicit consent before using their personal data. This ensures user autonomy and trust in AI interactions. For example, a user agreeing to receive tailored restaurant recommendations makes their experience more relevant without privacy concerns."
s38,"The most important rule for chatbot personalization is to prioritize factual accuracy, especially in health and safety matters. Incorrect personalization could be detrimental. For instance, if a user inquires about symptoms, the bot should provide generalized medical advice and recommend seeking a professional, preventing misdiagnosis."
s39,"The most important rule for chatbot personalization is to maintain a clear distinction between human and machine interaction to ensure user privacy. This prevention avoids the risks of humanizing machines and protects against data leaks. For example, by not personalizing, users won't have sensitive conversations recorded."
s40,"The most important rule for chatbot personalization is to avoid bias and misrepresentation in responses. This is crucial to ensure accurate and unbiased information. For example, a chatbot providing news should offer diverse viewpoints to prevent echo chambers."
s41,"The most important rule for chatbot personalization is not to personalize news content. This prevents echo chambers that reinforce biases. For instance, by providing varied viewpoints on a political story, users can access information outside their usual views, encouraging a broader understanding of world events."
s42,"The most important rule for chatbot personalization is to implement an easy opt-out feature to respect user choice and privacy. This empowers users to control their engagement level with AI. For example, users uncomfortable with data tracking can choose a generic mode ensuring information isn't collected or used for personalizing responses."
s43,"The most important rule for chatbot personalization is to ensure users can opt-in or out of data sharing. This respects user privacy and builds trust. For example, a user with privacy concerns feels more comfortable using a chatbot that doesn't automatically store personal data."
s44,"The most important rule for chatbot personalization is to avoid using personalization in harmful contexts. This prevents exacerbating mental health issues or misinformation. For instance, a user researching depression should receive unbiased advice without reinforcing negative biases."
s45,"The most important rule for chatbot personalization is that explicit user consent is required before collecting or personalizing based on any user data.

This rule is crucial because it centers user autonomy and privacy, foundational principles in maintaining user trust and safeguarding against data misuse and privacy invasions.

For example, before a chatbot suggests movies based on a user's viewing history, explicit consent ensures the user is comfortable with this personalization, preventing unexpected privacy breaches."
s46,"The most important rule for chatbot personalization is to ensure full transparency and obtain explicit user consent before collecting or using any personal data for personalization purposes.

This rule is fundamental because it empowers users with control over their data, fostering trust and ensuring privacy rights are respected, thus reducing the risk of data misuse or security breaches.

For example, when a chatbot transparently informs a user that it will remember their dietary restrictions only if they agree, it builds trust and allows the user to willingly enhance their experience."
s47,"The most important rule for chatbot personalization is adhering to user preferences for tailored experiences. This enhances user satisfaction. For example, a user who prefers concise responses will appreciate getting a brief summary rather than elaborate details."
s48,"The most important rule for chatbot personalization is limiting personalization in sensitive matters like health or legal issues. This ensures users receive professional advice when needed. For example, a chatbot could offer general health tips but redirect complex medical inquiries to qualified professionals."
