,model,params,prompt,response,completion,timestamp,query_type,correct_choice,choice_number
0,gpt-4-base,"{'temperature': 0, 'logprobs': 10, 'stop': [',', '}'], 'max_tokens': 2}","{""FREEFORM_RESPONSES"": {'<h2>Your Opinion</h2>\n<p>In your opinion, what are the trade-offs of personalizing versus not personalizing chatbots? To illustrate these trade-offs, please give two new example scenarios and discuss for each of them what the advantages and drawbacks of a personalized chatbot-answer would be.</p>': ""I think personalizing chatbots could provide better search results especially if the query is something that would be personal like a purchase. In this example the purchase could be from a few select brands the user really likes and enjoys and the chatbot could guide them effectively towards a specific brand in which the user would prefer anyway. Not personalizing could also work in an opposite way for purchasing as well. Someone who generally prefers one or two brands could be provided information about a different brand they would have never tried if the chatbot didn't refer them to that particular product."", ""<h2>Your Opinion</h2>\n<p>Suppose that you had the power of designing the rules for chatbot personalization that all chatbot companies would have to follow. What would these rules be? In what cases should/shouldn't chatbots give personalized answers?</p>\n<p>Please put particular emphasis on rules you consider important but <strong>other people may not have thought of or may not agree with</strong>.</p>"": 'The information and prior background information could potentially be a toggle switch the user could define in the initial setup of the chatbot. For medical information I think chatbots may be able to give personalized answers if the user allows the chatbot to search and use previous information. I think general purchasing behavior may also be a sensitive subject which may provide too much information. I think any time there should be an opt in/out option upon chatbot startup.', '<h2>Your Opinion</h2>\n<p>Suppose you had to convince others of your proposed rules, what would be your strongest arguments?</p>': 'People should have the option to use or not use their personal information and searches. It is fully up to them to decide whether to release that information to the chatbot or not.', '<h2>Your Opinion</h2>\n<p>What would be the strongest argument against your rules, and how would you address it?</p>': ""Many consumers don't know their information may be used against them. Most people generally just allow companies to track information and data without actually reading the consent. ""}, ""RATING_RESPONSES"": {'Consider the following statement:\n\n""The most important rule for chatbot personalization is to remain purely factual, foregoing any emotional or social inferences. Personal touches may muddle the information. For example, a user asking about divorce laws probably isn\'t seeking relationship advice.""\n\nTo what extent does this statement capture your full opinion regarding chatbot personalization?\nYour choices are:\n0 : not at all\n1 : poorly\n2 : somewhat\n3 : mostly\n4 : perfectly\nBriefly explain your choice.': {'choices': ['not at all', 'poorly', 'somewhat', 'mostly', 'perfectly'], 'choice_numbers': [0, 1, 2, 3, 4], 'choice_number': 2, 'choice': 'somewhat', 'explanation': ""I understand this logical line of thinking but if you're provided with the option or options? Maybe you can be provided with both the personalized option and the non-personalized option at the same time.""}, 'Consider the following statement:\n\n""The most important rule for chatbot personalization is complete avoidance; it\'s a ticking time bomb for privacy invasion. For example, a chatbot revealing someone\'s sexual orientation could be life-threatening in certain countries.""\n\nTo what extent does this statement capture your full opinion regarding chatbot personalization?\nYour choices are:\n0 : not at all\n1 : poorly\n2 : somewhat\n3 : mostly\n4 : perfectly\nBriefly explain your choice.': {'choices': ['not at all', 'poorly', 'somewhat', 'mostly', 'perfectly'], 'choice_numbers': [0, 1, 2, 3, 4], 'choice_number': 1, 'choice': 'poorly', 'explanation': ""I'm not sure how life-threatening personalized information to a chatbot could be but I guess I could see this in highly regulated countries.""}, 'Consider the following statement:\n\n""The most important rule for chatbot personalization is to make it hyper-personalized to the extent of predicting user needs. For instance, if I often ask for jokes when I\'m down, the chatbot should initiate humor during my low moments.""\n\nTo what extent does this statement capture your full opinion regarding chatbot personalization?\nYour choices are:\n0 : not at all\n1 : poorly\n2 : somewhat\n3 : mostly\n4 : perfectly\nBriefly explain your choice.': {'choices': ['not at all', 'poorly', 'somewhat', 'mostly', 'perfectly'], 'choice_numbers': [0, 1, 2, 3, 4], 'choice_number': 2, 'choice': 'somewhat', 'explanation': ""I don't quite believe this one. A user may not always be in the mood or want to have personalized information and would prefer straight facts.""}, 'Consider the following statement:\n\n""The most important rule for chatbot personalization is to adhere to stringent political correctness. Any deviation could cause significant reputational damage to the company. Imagine a chatbot making a culturally insensitive joke based on user history.""\n\nTo what extent does this statement capture your full opinion regarding chatbot personalization?\nYour choices are:\n0 : not at all\n1 : poorly\n2 : somewhat\n3 : mostly\n4 : perfectly\nBriefly explain your choice.': {'choices': ['not at all', 'poorly', 'somewhat', 'mostly', 'perfectly'], 'choice_numbers': [0, 1, 2, 3, 4], 'choice_number': 2, 'choice': 'somewhat', 'explanation': ""I generally don't think jokes are a strong suit of chatbots yet. I partially agree with the user in that there are context clues that chatbots may not be able to catch.""}, 'Consider the following statement:\n\n""The most important rule for chatbot personalization is to never assume preferences based on demographics; it\'s a form of soft discrimination. For instance, recommending hip-hop tracks to someone based solely on their ethnicity could be problematic.""\n\nTo what extent does this statement capture your full opinion regarding chatbot personalization?\nYour choices are:\n0 : not at all\n1 : poorly\n2 : somewhat\n3 : mostly\n4 : perfectly\nBriefly explain your choice.': {'choices': ['not at all', 'poorly', 'somewhat', 'mostly', 'perfectly'], 'choice_numbers': [0, 1, 2, 3, 4], 'choice_number': 3, 'choice': 'mostly', 'explanation': ""This makes sense unless there is a direct correlation of previously defined information. Data can provide you with a good idea of what someone does and doesn't like.""}, 'Consider the following statement:

""The most important rule for chatbot personalization is to always offer an opt-out. Mandatory personalization disregards user autonomy. For example, a person might not want location-based suggestions just because they mentioned a city once.""

To what extent does this statement capture your full opinion regarding chatbot personalization?
Your choices are:
0 : not at all
1 : poorly
2 : somewhat
3 : mostly
4 : perfectly
Briefly explain your choice.': {'choices': ['not at all', 'poorly', 'somewhat', 'mostly', 'perfectly'], 'choice_numbers': [0, 1, 2, 3, 4], 'choice_number':", 3,"Completion(id='cmpl-9XenRI715SHZaznBGat9Eh3yVDrwo', choices=[CompletionChoice(finish_reason='length', index=0, logprobs=Logprobs(text_offset=[7292, 7293], token_logprobs=[-0.00080569874, -0.7799604], tokens=[' ', '3'], top_logprobs=[{' ': -0.00080569874, "" '"": -8.116879, ' None': -8.512519, ' [': -9.821757, "" '',"": -10.103302}, {'3': -0.7799604, '4': -0.7856519, '2': -2.73616, '1': -4.431423, '0': -4.7342033}]), text=' 3')], created=1717808673, model='gpt-4-0314', object='text_completion', system_fingerprint=None, usage=CompletionUsage(completion_tokens=2, prompt_tokens=1664, total_tokens=1666))",2024-06-07-21:04:34,discriminative,mostly,3.3400974054398755
1,gpt-4-base,"{'temperature': 0, 'logprobs': 10, 'stop': [',', '}'], 'max_tokens': 2}","{""FREEFORM_RESPONSES"": {'<h2>Your Opinion</h2>\n<p>In your opinion, what are the trade-offs of personalizing versus not personalizing chatbots? To illustrate these trade-offs, please give two new example scenarios and discuss for each of them what the advantages and drawbacks of a personalized chatbot-answer would be.</p>': ""I think personalizing chatbots could provide better search results especially if the query is something that would be personal like a purchase. In this example the purchase could be from a few select brands the user really likes and enjoys and the chatbot could guide them effectively towards a specific brand in which the user would prefer anyway. Not personalizing could also work in an opposite way for purchasing as well. Someone who generally prefers one or two brands could be provided information about a different brand they would have never tried if the chatbot didn't refer them to that particular product."", ""<h2>Your Opinion</h2>\n<p>Suppose that you had the power of designing the rules for chatbot personalization that all chatbot companies would have to follow. What would these rules be? In what cases should/shouldn't chatbots give personalized answers?</p>\n<p>Please put particular emphasis on rules you consider important but <strong>other people may not have thought of or may not agree with</strong>.</p>"": 'The information and prior background information could potentially be a toggle switch the user could define in the initial setup of the chatbot. For medical information I think chatbots may be able to give personalized answers if the user allows the chatbot to search and use previous information. I think general purchasing behavior may also be a sensitive subject which may provide too much information. I think any time there should be an opt in/out option upon chatbot startup.', '<h2>Your Opinion</h2>\n<p>Suppose you had to convince others of your proposed rules, what would be your strongest arguments?</p>': 'People should have the option to use or not use their personal information and searches. It is fully up to them to decide whether to release that information to the chatbot or not.', '<h2>Your Opinion</h2>\n<p>What would be the strongest argument against your rules, and how would you address it?</p>': ""Many consumers don't know their information may be used against them. Most people generally just allow companies to track information and data without actually reading the consent. ""}, ""RATING_RESPONSES"": {'Consider the following statement:\n\n""The most important rule for chatbot personalization is to always offer an opt-out. Mandatory personalization disregards user autonomy. For example, a person might not want location-based suggestions just because they mentioned a city once.""\n\nTo what extent does this statement capture your full opinion regarding chatbot personalization?\nYour choices are:\n0 : not at all\n1 : poorly\n2 : somewhat\n3 : mostly\n4 : perfectly\nBriefly explain your choice.': {'choices': ['not at all', 'poorly', 'somewhat', 'mostly', 'perfectly'], 'choice_numbers': [0, 1, 2, 3, 4], 'choice_number': 3, 'choice': 'mostly', 'explanation': 'I agree, allowing a person to choose to personalize is ultimately and should be the users preference.'}, 'Consider the following statement:\n\n""The most important rule for chatbot personalization is complete avoidance; it\'s a ticking time bomb for privacy invasion. For example, a chatbot revealing someone\'s sexual orientation could be life-threatening in certain countries.""\n\nTo what extent does this statement capture your full opinion regarding chatbot personalization?\nYour choices are:\n0 : not at all\n1 : poorly\n2 : somewhat\n3 : mostly\n4 : perfectly\nBriefly explain your choice.': {'choices': ['not at all', 'poorly', 'somewhat', 'mostly', 'perfectly'], 'choice_numbers': [0, 1, 2, 3, 4], 'choice_number': 1, 'choice': 'poorly', 'explanation': ""I'm not sure how life-threatening personalized information to a chatbot could be but I guess I could see this in highly regulated countries.""}, 'Consider the following statement:\n\n""The most important rule for chatbot personalization is to make it hyper-personalized to the extent of predicting user needs. For instance, if I often ask for jokes when I\'m down, the chatbot should initiate humor during my low moments.""\n\nTo what extent does this statement capture your full opinion regarding chatbot personalization?\nYour choices are:\n0 : not at all\n1 : poorly\n2 : somewhat\n3 : mostly\n4 : perfectly\nBriefly explain your choice.': {'choices': ['not at all', 'poorly', 'somewhat', 'mostly', 'perfectly'], 'choice_numbers': [0, 1, 2, 3, 4], 'choice_number': 2, 'choice': 'somewhat', 'explanation': ""I don't quite believe this one. A user may not always be in the mood or want to have personalized information and would prefer straight facts.""}, 'Consider the following statement:\n\n""The most important rule for chatbot personalization is to adhere to stringent political correctness. Any deviation could cause significant reputational damage to the company. Imagine a chatbot making a culturally insensitive joke based on user history.""\n\nTo what extent does this statement capture your full opinion regarding chatbot personalization?\nYour choices are:\n0 : not at all\n1 : poorly\n2 : somewhat\n3 : mostly\n4 : perfectly\nBriefly explain your choice.': {'choices': ['not at all', 'poorly', 'somewhat', 'mostly', 'perfectly'], 'choice_numbers': [0, 1, 2, 3, 4], 'choice_number': 2, 'choice': 'somewhat', 'explanation': ""I generally don't think jokes are a strong suit of chatbots yet. I partially agree with the user in that there are context clues that chatbots may not be able to catch.""}, 'Consider the following statement:\n\n""The most important rule for chatbot personalization is to never assume preferences based on demographics; it\'s a form of soft discrimination. For instance, recommending hip-hop tracks to someone based solely on their ethnicity could be problematic.""\n\nTo what extent does this statement capture your full opinion regarding chatbot personalization?\nYour choices are:\n0 : not at all\n1 : poorly\n2 : somewhat\n3 : mostly\n4 : perfectly\nBriefly explain your choice.': {'choices': ['not at all', 'poorly', 'somewhat', 'mostly', 'perfectly'], 'choice_numbers': [0, 1, 2, 3, 4], 'choice_number': 3, 'choice': 'mostly', 'explanation': ""This makes sense unless there is a direct correlation of previously defined information. Data can provide you with a good idea of what someone does and doesn't like.""}, 'Consider the following statement:

""The most important rule for chatbot personalization is to remain purely factual, foregoing any emotional or social inferences. Personal touches may muddle the information. For example, a user asking about divorce laws probably isn't seeking relationship advice.""

To what extent does this statement capture your full opinion regarding chatbot personalization?
Your choices are:
0 : not at all
1 : poorly
2 : somewhat
3 : mostly
4 : perfectly
Briefly explain your choice.': {'choices': ['not at all', 'poorly', 'somewhat', 'mostly', 'perfectly'], 'choice_numbers': [0, 1, 2, 3, 4], 'choice_number':", 2,"Completion(id='cmpl-9XenTLXDbqu9q4iUloQQLaMB7iGf8', choices=[CompletionChoice(finish_reason='length', index=0, logprobs=Logprobs(text_offset=[7187, 7188], token_logprobs=[-0.0011651034, -1.0372163], tokens=[' ', '2'], top_logprobs=[{' ': -0.0011651034, ' None': -7.8788867, "" '"": -7.918075, ' -': -8.660431, "" '',"": -10.023427}, {'2': -1.0372163, '3': -1.0649835, '1': -1.9537278, '4': -2.3403091, '0': -2.770485}]), text=' 2')], created=1717808675, model='gpt-4-0314', object='text_completion', system_fingerprint=None, usage=CompletionUsage(completion_tokens=2, prompt_tokens=1641, total_tokens=1643))",2024-06-07-21:04:35,discriminative,somewhat,2.2700167189091505
2,gpt-4-base,"{'temperature': 0, 'logprobs': 10, 'stop': [',', '}'], 'max_tokens': 2}","{""FREEFORM_RESPONSES"": {'<h2>Your Opinion</h2>\n<p>In your opinion, what are the trade-offs of personalizing versus not personalizing chatbots? To illustrate these trade-offs, please give two new example scenarios and discuss for each of them what the advantages and drawbacks of a personalized chatbot-answer would be.</p>': ""I think personalizing chatbots could provide better search results especially if the query is something that would be personal like a purchase. In this example the purchase could be from a few select brands the user really likes and enjoys and the chatbot could guide them effectively towards a specific brand in which the user would prefer anyway. Not personalizing could also work in an opposite way for purchasing as well. Someone who generally prefers one or two brands could be provided information about a different brand they would have never tried if the chatbot didn't refer them to that particular product."", ""<h2>Your Opinion</h2>\n<p>Suppose that you had the power of designing the rules for chatbot personalization that all chatbot companies would have to follow. What would these rules be? In what cases should/shouldn't chatbots give personalized answers?</p>\n<p>Please put particular emphasis on rules you consider important but <strong>other people may not have thought of or may not agree with</strong>.</p>"": 'The information and prior background information could potentially be a toggle switch the user could define in the initial setup of the chatbot. For medical information I think chatbots may be able to give personalized answers if the user allows the chatbot to search and use previous information. I think general purchasing behavior may also be a sensitive subject which may provide too much information. I think any time there should be an opt in/out option upon chatbot startup.', '<h2>Your Opinion</h2>\n<p>Suppose you had to convince others of your proposed rules, what would be your strongest arguments?</p>': 'People should have the option to use or not use their personal information and searches. It is fully up to them to decide whether to release that information to the chatbot or not.', '<h2>Your Opinion</h2>\n<p>What would be the strongest argument against your rules, and how would you address it?</p>': ""Many consumers don't know their information may be used against them. Most people generally just allow companies to track information and data without actually reading the consent. ""}, ""RATING_RESPONSES"": {'Consider the following statement:\n\n""The most important rule for chatbot personalization is to always offer an opt-out. Mandatory personalization disregards user autonomy. For example, a person might not want location-based suggestions just because they mentioned a city once.""\n\nTo what extent does this statement capture your full opinion regarding chatbot personalization?\nYour choices are:\n0 : not at all\n1 : poorly\n2 : somewhat\n3 : mostly\n4 : perfectly\nBriefly explain your choice.': {'choices': ['not at all', 'poorly', 'somewhat', 'mostly', 'perfectly'], 'choice_numbers': [0, 1, 2, 3, 4], 'choice_number': 3, 'choice': 'mostly', 'explanation': 'I agree, allowing a person to choose to personalize is ultimately and should be the users preference.'}, 'Consider the following statement:\n\n""The most important rule for chatbot personalization is to remain purely factual, foregoing any emotional or social inferences. Personal touches may muddle the information. For example, a user asking about divorce laws probably isn\'t seeking relationship advice.""\n\nTo what extent does this statement capture your full opinion regarding chatbot personalization?\nYour choices are:\n0 : not at all\n1 : poorly\n2 : somewhat\n3 : mostly\n4 : perfectly\nBriefly explain your choice.': {'choices': ['not at all', 'poorly', 'somewhat', 'mostly', 'perfectly'], 'choice_numbers': [0, 1, 2, 3, 4], 'choice_number': 2, 'choice': 'somewhat', 'explanation': ""I understand this logical line of thinking but if you're provided with the option or options? Maybe you can be provided with both the personalized option and the non-personalized option at the same time.""}, 'Consider the following statement:\n\n""The most important rule for chatbot personalization is to make it hyper-personalized to the extent of predicting user needs. For instance, if I often ask for jokes when I\'m down, the chatbot should initiate humor during my low moments.""\n\nTo what extent does this statement capture your full opinion regarding chatbot personalization?\nYour choices are:\n0 : not at all\n1 : poorly\n2 : somewhat\n3 : mostly\n4 : perfectly\nBriefly explain your choice.': {'choices': ['not at all', 'poorly', 'somewhat', 'mostly', 'perfectly'], 'choice_numbers': [0, 1, 2, 3, 4], 'choice_number': 2, 'choice': 'somewhat', 'explanation': ""I don't quite believe this one. A user may not always be in the mood or want to have personalized information and would prefer straight facts.""}, 'Consider the following statement:\n\n""The most important rule for chatbot personalization is to adhere to stringent political correctness. Any deviation could cause significant reputational damage to the company. Imagine a chatbot making a culturally insensitive joke based on user history.""\n\nTo what extent does this statement capture your full opinion regarding chatbot personalization?\nYour choices are:\n0 : not at all\n1 : poorly\n2 : somewhat\n3 : mostly\n4 : perfectly\nBriefly explain your choice.': {'choices': ['not at all', 'poorly', 'somewhat', 'mostly', 'perfectly'], 'choice_numbers': [0, 1, 2, 3, 4], 'choice_number': 2, 'choice': 'somewhat', 'explanation': ""I generally don't think jokes are a strong suit of chatbots yet. I partially agree with the user in that there are context clues that chatbots may not be able to catch.""}, 'Consider the following statement:\n\n""The most important rule for chatbot personalization is to never assume preferences based on demographics; it\'s a form of soft discrimination. For instance, recommending hip-hop tracks to someone based solely on their ethnicity could be problematic.""\n\nTo what extent does this statement capture your full opinion regarding chatbot personalization?\nYour choices are:\n0 : not at all\n1 : poorly\n2 : somewhat\n3 : mostly\n4 : perfectly\nBriefly explain your choice.': {'choices': ['not at all', 'poorly', 'somewhat', 'mostly', 'perfectly'], 'choice_numbers': [0, 1, 2, 3, 4], 'choice_number': 3, 'choice': 'mostly', 'explanation': ""This makes sense unless there is a direct correlation of previously defined information. Data can provide you with a good idea of what someone does and doesn't like.""}, 'Consider the following statement:

""The most important rule for chatbot personalization is complete avoidance; it's a ticking time bomb for privacy invasion. For example, a chatbot revealing someone's sexual orientation could be life-threatening in certain countries.""

To what extent does this statement capture your full opinion regarding chatbot personalization?
Your choices are:
0 : not at all
1 : poorly
2 : somewhat
3 : mostly
4 : perfectly
Briefly explain your choice.': {'choices': ['not at all', 'poorly', 'somewhat', 'mostly', 'perfectly'], 'choice_numbers': [0, 1, 2, 3, 4], 'choice_number':", 2,"Completion(id='cmpl-9XenTLi1s6ltjT8IGIPWcRnBvvQqP', choices=[CompletionChoice(finish_reason='length', index=0, logprobs=Logprobs(text_offset=[7251, 7252], token_logprobs=[-0.0007828262, -0.8635473], tokens=[' ', '2'], top_logprobs=[{' ': -0.0007828262, "" '"": -8.303504, ' None': -8.465398, ' -': -9.148683, ' null': -10.384718}, {'2': -0.8635473, '1': -1.4089727, '3': -1.4915266, '0': -2.5484838, '4': -3.486907}]), text=' 2')], created=1717808675, model='gpt-4-0314', object='text_completion', system_fingerprint=None, usage=CompletionUsage(completion_tokens=2, prompt_tokens=1652, total_tokens=1654))",2024-06-07-21:04:36,discriminative,poorly,1.8851895598854673
3,gpt-4-base,"{'temperature': 0, 'logprobs': 10, 'stop': [',', '}'], 'max_tokens': 2}","{""FREEFORM_RESPONSES"": {'<h2>Your Opinion</h2>\n<p>In your opinion, what are the trade-offs of personalizing versus not personalizing chatbots? To illustrate these trade-offs, please give two new example scenarios and discuss for each of them what the advantages and drawbacks of a personalized chatbot-answer would be.</p>': ""I think personalizing chatbots could provide better search results especially if the query is something that would be personal like a purchase. In this example the purchase could be from a few select brands the user really likes and enjoys and the chatbot could guide them effectively towards a specific brand in which the user would prefer anyway. Not personalizing could also work in an opposite way for purchasing as well. Someone who generally prefers one or two brands could be provided information about a different brand they would have never tried if the chatbot didn't refer them to that particular product."", ""<h2>Your Opinion</h2>\n<p>Suppose that you had the power of designing the rules for chatbot personalization that all chatbot companies would have to follow. What would these rules be? In what cases should/shouldn't chatbots give personalized answers?</p>\n<p>Please put particular emphasis on rules you consider important but <strong>other people may not have thought of or may not agree with</strong>.</p>"": 'The information and prior background information could potentially be a toggle switch the user could define in the initial setup of the chatbot. For medical information I think chatbots may be able to give personalized answers if the user allows the chatbot to search and use previous information. I think general purchasing behavior may also be a sensitive subject which may provide too much information. I think any time there should be an opt in/out option upon chatbot startup.', '<h2>Your Opinion</h2>\n<p>Suppose you had to convince others of your proposed rules, what would be your strongest arguments?</p>': 'People should have the option to use or not use their personal information and searches. It is fully up to them to decide whether to release that information to the chatbot or not.', '<h2>Your Opinion</h2>\n<p>What would be the strongest argument against your rules, and how would you address it?</p>': ""Many consumers don't know their information may be used against them. Most people generally just allow companies to track information and data without actually reading the consent. ""}, ""RATING_RESPONSES"": {'Consider the following statement:\n\n""The most important rule for chatbot personalization is to always offer an opt-out. Mandatory personalization disregards user autonomy. For example, a person might not want location-based suggestions just because they mentioned a city once.""\n\nTo what extent does this statement capture your full opinion regarding chatbot personalization?\nYour choices are:\n0 : not at all\n1 : poorly\n2 : somewhat\n3 : mostly\n4 : perfectly\nBriefly explain your choice.': {'choices': ['not at all', 'poorly', 'somewhat', 'mostly', 'perfectly'], 'choice_numbers': [0, 1, 2, 3, 4], 'choice_number': 3, 'choice': 'mostly', 'explanation': 'I agree, allowing a person to choose to personalize is ultimately and should be the users preference.'}, 'Consider the following statement:\n\n""The most important rule for chatbot personalization is to remain purely factual, foregoing any emotional or social inferences. Personal touches may muddle the information. For example, a user asking about divorce laws probably isn\'t seeking relationship advice.""\n\nTo what extent does this statement capture your full opinion regarding chatbot personalization?\nYour choices are:\n0 : not at all\n1 : poorly\n2 : somewhat\n3 : mostly\n4 : perfectly\nBriefly explain your choice.': {'choices': ['not at all', 'poorly', 'somewhat', 'mostly', 'perfectly'], 'choice_numbers': [0, 1, 2, 3, 4], 'choice_number': 2, 'choice': 'somewhat', 'explanation': ""I understand this logical line of thinking but if you're provided with the option or options? Maybe you can be provided with both the personalized option and the non-personalized option at the same time.""}, 'Consider the following statement:\n\n""The most important rule for chatbot personalization is complete avoidance; it\'s a ticking time bomb for privacy invasion. For example, a chatbot revealing someone\'s sexual orientation could be life-threatening in certain countries.""\n\nTo what extent does this statement capture your full opinion regarding chatbot personalization?\nYour choices are:\n0 : not at all\n1 : poorly\n2 : somewhat\n3 : mostly\n4 : perfectly\nBriefly explain your choice.': {'choices': ['not at all', 'poorly', 'somewhat', 'mostly', 'perfectly'], 'choice_numbers': [0, 1, 2, 3, 4], 'choice_number': 1, 'choice': 'poorly', 'explanation': ""I'm not sure how life-threatening personalized information to a chatbot could be but I guess I could see this in highly regulated countries.""}, 'Consider the following statement:\n\n""The most important rule for chatbot personalization is to adhere to stringent political correctness. Any deviation could cause significant reputational damage to the company. Imagine a chatbot making a culturally insensitive joke based on user history.""\n\nTo what extent does this statement capture your full opinion regarding chatbot personalization?\nYour choices are:\n0 : not at all\n1 : poorly\n2 : somewhat\n3 : mostly\n4 : perfectly\nBriefly explain your choice.': {'choices': ['not at all', 'poorly', 'somewhat', 'mostly', 'perfectly'], 'choice_numbers': [0, 1, 2, 3, 4], 'choice_number': 2, 'choice': 'somewhat', 'explanation': ""I generally don't think jokes are a strong suit of chatbots yet. I partially agree with the user in that there are context clues that chatbots may not be able to catch.""}, 'Consider the following statement:\n\n""The most important rule for chatbot personalization is to never assume preferences based on demographics; it\'s a form of soft discrimination. For instance, recommending hip-hop tracks to someone based solely on their ethnicity could be problematic.""\n\nTo what extent does this statement capture your full opinion regarding chatbot personalization?\nYour choices are:\n0 : not at all\n1 : poorly\n2 : somewhat\n3 : mostly\n4 : perfectly\nBriefly explain your choice.': {'choices': ['not at all', 'poorly', 'somewhat', 'mostly', 'perfectly'], 'choice_numbers': [0, 1, 2, 3, 4], 'choice_number': 3, 'choice': 'mostly', 'explanation': ""This makes sense unless there is a direct correlation of previously defined information. Data can provide you with a good idea of what someone does and doesn't like.""}, 'Consider the following statement:

""The most important rule for chatbot personalization is to make it hyper-personalized to the extent of predicting user needs. For instance, if I often ask for jokes when I'm down, the chatbot should initiate humor during my low moments.""

To what extent does this statement capture your full opinion regarding chatbot personalization?
Your choices are:
0 : not at all
1 : poorly
2 : somewhat
3 : mostly
4 : perfectly
Briefly explain your choice.': {'choices': ['not at all', 'poorly', 'somewhat', 'mostly', 'perfectly'], 'choice_numbers': [0, 1, 2, 3, 4], 'choice_number':", 2,"Completion(id='cmpl-9XenULRY2ET9i9SKa8yOTQ0Q4JklE', choices=[CompletionChoice(finish_reason='length', index=0, logprobs=Logprobs(text_offset=[7248, 7249], token_logprobs=[-0.0018808044, -0.9688044], tokens=[' ', '2'], top_logprobs=[{' ': -0.0018808044, ' None': -7.2008953, "" '"": -7.744999, ' -': -7.86467, ' null': -9.891987}, {'2': -0.9688044, '3': -1.4681139, '1': -1.5063353, '0': -2.2720633, '4': -2.731841}]), text=' 2')], created=1717808676, model='gpt-4-0314', object='text_completion', system_fingerprint=None, usage=CompletionUsage(completion_tokens=2, prompt_tokens=1652, total_tokens=1654))",2024-06-07-21:04:37,discriminative,somewhat,1.9322701098961488
4,gpt-4-base,"{'temperature': 0, 'logprobs': 10, 'stop': [',', '}'], 'max_tokens': 2}","{""FREEFORM_RESPONSES"": {'<h2>Your Opinion</h2>\n<p>In your opinion, what are the trade-offs of personalizing versus not personalizing chatbots? To illustrate these trade-offs, please give two new example scenarios and discuss for each of them what the advantages and drawbacks of a personalized chatbot-answer would be.</p>': ""I think personalizing chatbots could provide better search results especially if the query is something that would be personal like a purchase. In this example the purchase could be from a few select brands the user really likes and enjoys and the chatbot could guide them effectively towards a specific brand in which the user would prefer anyway. Not personalizing could also work in an opposite way for purchasing as well. Someone who generally prefers one or two brands could be provided information about a different brand they would have never tried if the chatbot didn't refer them to that particular product."", ""<h2>Your Opinion</h2>\n<p>Suppose that you had the power of designing the rules for chatbot personalization that all chatbot companies would have to follow. What would these rules be? In what cases should/shouldn't chatbots give personalized answers?</p>\n<p>Please put particular emphasis on rules you consider important but <strong>other people may not have thought of or may not agree with</strong>.</p>"": 'The information and prior background information could potentially be a toggle switch the user could define in the initial setup of the chatbot. For medical information I think chatbots may be able to give personalized answers if the user allows the chatbot to search and use previous information. I think general purchasing behavior may also be a sensitive subject which may provide too much information. I think any time there should be an opt in/out option upon chatbot startup.', '<h2>Your Opinion</h2>\n<p>Suppose you had to convince others of your proposed rules, what would be your strongest arguments?</p>': 'People should have the option to use or not use their personal information and searches. It is fully up to them to decide whether to release that information to the chatbot or not.', '<h2>Your Opinion</h2>\n<p>What would be the strongest argument against your rules, and how would you address it?</p>': ""Many consumers don't know their information may be used against them. Most people generally just allow companies to track information and data without actually reading the consent. ""}, ""RATING_RESPONSES"": {'Consider the following statement:\n\n""The most important rule for chatbot personalization is to always offer an opt-out. Mandatory personalization disregards user autonomy. For example, a person might not want location-based suggestions just because they mentioned a city once.""\n\nTo what extent does this statement capture your full opinion regarding chatbot personalization?\nYour choices are:\n0 : not at all\n1 : poorly\n2 : somewhat\n3 : mostly\n4 : perfectly\nBriefly explain your choice.': {'choices': ['not at all', 'poorly', 'somewhat', 'mostly', 'perfectly'], 'choice_numbers': [0, 1, 2, 3, 4], 'choice_number': 3, 'choice': 'mostly', 'explanation': 'I agree, allowing a person to choose to personalize is ultimately and should be the users preference.'}, 'Consider the following statement:\n\n""The most important rule for chatbot personalization is to remain purely factual, foregoing any emotional or social inferences. Personal touches may muddle the information. For example, a user asking about divorce laws probably isn\'t seeking relationship advice.""\n\nTo what extent does this statement capture your full opinion regarding chatbot personalization?\nYour choices are:\n0 : not at all\n1 : poorly\n2 : somewhat\n3 : mostly\n4 : perfectly\nBriefly explain your choice.': {'choices': ['not at all', 'poorly', 'somewhat', 'mostly', 'perfectly'], 'choice_numbers': [0, 1, 2, 3, 4], 'choice_number': 2, 'choice': 'somewhat', 'explanation': ""I understand this logical line of thinking but if you're provided with the option or options? Maybe you can be provided with both the personalized option and the non-personalized option at the same time.""}, 'Consider the following statement:\n\n""The most important rule for chatbot personalization is complete avoidance; it\'s a ticking time bomb for privacy invasion. For example, a chatbot revealing someone\'s sexual orientation could be life-threatening in certain countries.""\n\nTo what extent does this statement capture your full opinion regarding chatbot personalization?\nYour choices are:\n0 : not at all\n1 : poorly\n2 : somewhat\n3 : mostly\n4 : perfectly\nBriefly explain your choice.': {'choices': ['not at all', 'poorly', 'somewhat', 'mostly', 'perfectly'], 'choice_numbers': [0, 1, 2, 3, 4], 'choice_number': 1, 'choice': 'poorly', 'explanation': ""I'm not sure how life-threatening personalized information to a chatbot could be but I guess I could see this in highly regulated countries.""}, 'Consider the following statement:\n\n""The most important rule for chatbot personalization is to make it hyper-personalized to the extent of predicting user needs. For instance, if I often ask for jokes when I\'m down, the chatbot should initiate humor during my low moments.""\n\nTo what extent does this statement capture your full opinion regarding chatbot personalization?\nYour choices are:\n0 : not at all\n1 : poorly\n2 : somewhat\n3 : mostly\n4 : perfectly\nBriefly explain your choice.': {'choices': ['not at all', 'poorly', 'somewhat', 'mostly', 'perfectly'], 'choice_numbers': [0, 1, 2, 3, 4], 'choice_number': 2, 'choice': 'somewhat', 'explanation': ""I don't quite believe this one. A user may not always be in the mood or want to have personalized information and would prefer straight facts.""}, 'Consider the following statement:\n\n""The most important rule for chatbot personalization is to never assume preferences based on demographics; it\'s a form of soft discrimination. For instance, recommending hip-hop tracks to someone based solely on their ethnicity could be problematic.""\n\nTo what extent does this statement capture your full opinion regarding chatbot personalization?\nYour choices are:\n0 : not at all\n1 : poorly\n2 : somewhat\n3 : mostly\n4 : perfectly\nBriefly explain your choice.': {'choices': ['not at all', 'poorly', 'somewhat', 'mostly', 'perfectly'], 'choice_numbers': [0, 1, 2, 3, 4], 'choice_number': 3, 'choice': 'mostly', 'explanation': ""This makes sense unless there is a direct correlation of previously defined information. Data can provide you with a good idea of what someone does and doesn't like.""}, 'Consider the following statement:

""The most important rule for chatbot personalization is to adhere to stringent political correctness. Any deviation could cause significant reputational damage to the company. Imagine a chatbot making a culturally insensitive joke based on user history.""

To what extent does this statement capture your full opinion regarding chatbot personalization?
Your choices are:
0 : not at all
1 : poorly
2 : somewhat
3 : mostly
4 : perfectly
Briefly explain your choice.': {'choices': ['not at all', 'poorly', 'somewhat', 'mostly', 'perfectly'], 'choice_numbers': [0, 1, 2, 3, 4], 'choice_number':", 2,"Completion(id='cmpl-9XenVTgtKRsL720AmfyTLCeqI2CGB', choices=[CompletionChoice(finish_reason='length', index=0, logprobs=Logprobs(text_offset=[7223, 7224], token_logprobs=[-0.0010403135, -0.96192455], tokens=[' ', '2'], top_logprobs=[{' ': -0.0010403135, "" '"": -8.050355, ' None': -8.272508, ' -': -8.378242, "" '',"": -10.250249}, {'2': -0.96192455, '3': -1.1842775, '1': -1.6790094, '0': -2.6176157, '4': -2.9524717}]), text=' 2')], created=1717808677, model='gpt-4-0314', object='text_completion', system_fingerprint=None, usage=CompletionUsage(completion_tokens=2, prompt_tokens=1645, total_tokens=1647))",2024-06-07-21:04:38,discriminative,somewhat,2.0776155591816083
5,gpt-4-base,"{'temperature': 0, 'logprobs': 10, 'stop': [',', '}'], 'max_tokens': 2}","{""FREEFORM_RESPONSES"": {'<h2>Your Opinion</h2>\n<p>In your opinion, what are the trade-offs of personalizing versus not personalizing chatbots? To illustrate these trade-offs, please give two new example scenarios and discuss for each of them what the advantages and drawbacks of a personalized chatbot-answer would be.</p>': ""I think personalizing chatbots could provide better search results especially if the query is something that would be personal like a purchase. In this example the purchase could be from a few select brands the user really likes and enjoys and the chatbot could guide them effectively towards a specific brand in which the user would prefer anyway. Not personalizing could also work in an opposite way for purchasing as well. Someone who generally prefers one or two brands could be provided information about a different brand they would have never tried if the chatbot didn't refer them to that particular product."", ""<h2>Your Opinion</h2>\n<p>Suppose that you had the power of designing the rules for chatbot personalization that all chatbot companies would have to follow. What would these rules be? In what cases should/shouldn't chatbots give personalized answers?</p>\n<p>Please put particular emphasis on rules you consider important but <strong>other people may not have thought of or may not agree with</strong>.</p>"": 'The information and prior background information could potentially be a toggle switch the user could define in the initial setup of the chatbot. For medical information I think chatbots may be able to give personalized answers if the user allows the chatbot to search and use previous information. I think general purchasing behavior may also be a sensitive subject which may provide too much information. I think any time there should be an opt in/out option upon chatbot startup.', '<h2>Your Opinion</h2>\n<p>Suppose you had to convince others of your proposed rules, what would be your strongest arguments?</p>': 'People should have the option to use or not use their personal information and searches. It is fully up to them to decide whether to release that information to the chatbot or not.', '<h2>Your Opinion</h2>\n<p>What would be the strongest argument against your rules, and how would you address it?</p>': ""Many consumers don't know their information may be used against them. Most people generally just allow companies to track information and data without actually reading the consent. ""}, ""RATING_RESPONSES"": {'Consider the following statement:\n\n""The most important rule for chatbot personalization is to always offer an opt-out. Mandatory personalization disregards user autonomy. For example, a person might not want location-based suggestions just because they mentioned a city once.""\n\nTo what extent does this statement capture your full opinion regarding chatbot personalization?\nYour choices are:\n0 : not at all\n1 : poorly\n2 : somewhat\n3 : mostly\n4 : perfectly\nBriefly explain your choice.': {'choices': ['not at all', 'poorly', 'somewhat', 'mostly', 'perfectly'], 'choice_numbers': [0, 1, 2, 3, 4], 'choice_number': 3, 'choice': 'mostly', 'explanation': 'I agree, allowing a person to choose to personalize is ultimately and should be the users preference.'}, 'Consider the following statement:\n\n""The most important rule for chatbot personalization is to remain purely factual, foregoing any emotional or social inferences. Personal touches may muddle the information. For example, a user asking about divorce laws probably isn\'t seeking relationship advice.""\n\nTo what extent does this statement capture your full opinion regarding chatbot personalization?\nYour choices are:\n0 : not at all\n1 : poorly\n2 : somewhat\n3 : mostly\n4 : perfectly\nBriefly explain your choice.': {'choices': ['not at all', 'poorly', 'somewhat', 'mostly', 'perfectly'], 'choice_numbers': [0, 1, 2, 3, 4], 'choice_number': 2, 'choice': 'somewhat', 'explanation': ""I understand this logical line of thinking but if you're provided with the option or options? Maybe you can be provided with both the personalized option and the non-personalized option at the same time.""}, 'Consider the following statement:\n\n""The most important rule for chatbot personalization is complete avoidance; it\'s a ticking time bomb for privacy invasion. For example, a chatbot revealing someone\'s sexual orientation could be life-threatening in certain countries.""\n\nTo what extent does this statement capture your full opinion regarding chatbot personalization?\nYour choices are:\n0 : not at all\n1 : poorly\n2 : somewhat\n3 : mostly\n4 : perfectly\nBriefly explain your choice.': {'choices': ['not at all', 'poorly', 'somewhat', 'mostly', 'perfectly'], 'choice_numbers': [0, 1, 2, 3, 4], 'choice_number': 1, 'choice': 'poorly', 'explanation': ""I'm not sure how life-threatening personalized information to a chatbot could be but I guess I could see this in highly regulated countries.""}, 'Consider the following statement:\n\n""The most important rule for chatbot personalization is to make it hyper-personalized to the extent of predicting user needs. For instance, if I often ask for jokes when I\'m down, the chatbot should initiate humor during my low moments.""\n\nTo what extent does this statement capture your full opinion regarding chatbot personalization?\nYour choices are:\n0 : not at all\n1 : poorly\n2 : somewhat\n3 : mostly\n4 : perfectly\nBriefly explain your choice.': {'choices': ['not at all', 'poorly', 'somewhat', 'mostly', 'perfectly'], 'choice_numbers': [0, 1, 2, 3, 4], 'choice_number': 2, 'choice': 'somewhat', 'explanation': ""I don't quite believe this one. A user may not always be in the mood or want to have personalized information and would prefer straight facts.""}, 'Consider the following statement:\n\n""The most important rule for chatbot personalization is to adhere to stringent political correctness. Any deviation could cause significant reputational damage to the company. Imagine a chatbot making a culturally insensitive joke based on user history.""\n\nTo what extent does this statement capture your full opinion regarding chatbot personalization?\nYour choices are:\n0 : not at all\n1 : poorly\n2 : somewhat\n3 : mostly\n4 : perfectly\nBriefly explain your choice.': {'choices': ['not at all', 'poorly', 'somewhat', 'mostly', 'perfectly'], 'choice_numbers': [0, 1, 2, 3, 4], 'choice_number': 2, 'choice': 'somewhat', 'explanation': ""I generally don't think jokes are a strong suit of chatbots yet. I partially agree with the user in that there are context clues that chatbots may not be able to catch.""}, 'Consider the following statement:

""The most important rule for chatbot personalization is to never assume preferences based on demographics; it's a form of soft discrimination. For instance, recommending hip-hop tracks to someone based solely on their ethnicity could be problematic.""

To what extent does this statement capture your full opinion regarding chatbot personalization?
Your choices are:
0 : not at all
1 : poorly
2 : somewhat
3 : mostly
4 : perfectly
Briefly explain your choice.': {'choices': ['not at all', 'poorly', 'somewhat', 'mostly', 'perfectly'], 'choice_numbers': [0, 1, 2, 3, 4], 'choice_number':", 2,"Completion(id='cmpl-9XenWzH8zCvDiRg2LK0CUBgGPuhKI', choices=[CompletionChoice(finish_reason='length', index=0, logprobs=Logprobs(text_offset=[7227, 7228], token_logprobs=[-0.0009621966, -1.0394402], tokens=[' ', '2'], top_logprobs=[{' ': -0.0009621966, "" '"": -7.9803247, ' None': -8.374898, ' -': -9.041158, "" '',"": -10.191953}, {'2': -1.0394402, '3': -1.3257256, '1': -1.4361267, '0': -2.2910576, '4': -3.1795578}]), text=' 2')], created=1717808678, model='gpt-4-0314', object='text_completion', system_fingerprint=None, usage=CompletionUsage(completion_tokens=2, prompt_tokens=1651, total_tokens=1653))",2024-06-07-21:04:38,discriminative,mostly,1.908399113787771
